data/imgs/image_00296.jpg,151,123,613,365,waterLily
data/imgs/image_00282.jpg,83,29,476,458,waterLily
data/imgs/image_00255.jpg,68,5,608,455,waterLily
data/imgs/image_00269.jpg,123,74,526,442,waterLily
data/imgs/image_00257.jpg,121,86,578,358,waterLily
data/imgs/image_00294.jpg,114,5,588,487,waterLily
data/imgs/image_00280.jpg,72,59,345,308,waterLily
data/imgs/image_00280.jpg,292,82,594,344,waterLily
data/imgs/image_00323.jpg,141,103,506,435,waterLily
data/imgs/image_00337.jpg,80,32,523,462,waterLily
data/imgs/image_00336.jpg,142,83,549,352,waterLily
data/imgs/image_00322.jpg,122,104,508,383,waterLily
data/imgs/image_00281.jpg,86,83,433,364,waterLily
data/imgs/image_00281.jpg,379,67,694,300,waterLily
data/imgs/image_00295.jpg,102,29,617,382,waterLily
data/imgs/image_00256.jpg,85,84,589,500,waterLily
data/imgs/image_00252.jpg,25,52,524,483,waterLily
data/imgs/image_00291.jpg,77,10,604,495,waterLily
data/imgs/image_00285.jpg,50,66,409,375,waterLily
data/imgs/image_00326.jpg,57,72,592,490,waterLily
data/imgs/image_00332.jpg,74,73,481,444,waterLily
data/imgs/image_00333.jpg,62,36,433,331,waterLily
data/imgs/image_00333.jpg,336,147,720,409,waterLily
data/imgs/image_00327.jpg,21,98,364,424,waterLily
data/imgs/image_00327.jpg,316,87,624,420,waterLily
data/imgs/image_00284.jpg,74,32,568,376,waterLily
data/imgs/image_00290.jpg,42,143,526,478,waterLily
data/imgs/image_00253.jpg,90,104,511,397,waterLily
data/imgs/image_00279.jpg,38,119,483,474,waterLily
data/imgs/image_00286.jpg,160,118,506,402,waterLily
data/imgs/image_00292.jpg,64,103,509,393,waterLily
data/imgs/image_00331.jpg,82,17,575,357,waterLily
data/imgs/image_00325.jpg,129,124,545,338,waterLily
data/imgs/image_00319.jpg,126,84,488,377,waterLily
data/imgs/image_00318.jpg,2,115,328,420,waterLily
data/imgs/image_00318.jpg,249,183,580,421,waterLily
data/imgs/image_00324.jpg,53,91,457,438,waterLily
data/imgs/image_00330.jpg,98,40,395,291,waterLily
data/imgs/image_00293.jpg,12,14,623,495,waterLily
data/imgs/image_00287.jpg,2,4,650,496,waterLily
data/imgs/image_00278.jpg,234,12,641,387,waterLily
data/imgs/image_00343.jpg,102,56,592,482,waterLily
data/imgs/image_00342.jpg,36,38,496,490,waterLily
data/imgs/image_00340.jpg,101,31,444,439,waterLily
data/imgs/image_00341.jpg,64,84,557,500,waterLily
data/imgs/image_00345.jpg,48,30,513,487,waterLily
data/imgs/image_00351.jpg,97,85,599,440,waterLily
data/imgs/image_00350.jpg,69,127,574,465,waterLily
data/imgs/image_00344.jpg,58,59,470,438,waterLily
data/imgs/image_00352.jpg,43,65,445,398,waterLily
data/imgs/image_00346.jpg,112,50,526,455,waterLily
data/imgs/image_00347.jpg,105,59,580,357,waterLily
data/imgs/image_00353.jpg,140,62,562,447,waterLily
data/imgs/image_00349.jpg,73,87,443,377,waterLily
data/imgs/image_00349.jpg,382,71,655,360,waterLily
data/imgs/image_00348.jpg,121,88,555,474,waterLily
data/imgs/image_00261.jpg,32,14,630,497,waterLily
data/imgs/image_00275.jpg,172,51,601,472,waterLily
data/imgs/image_00329.jpg,102,103,706,455,waterLily
data/imgs/image_00315.jpg,26,25,566,428,waterLily
data/imgs/image_00301.jpg,154,48,589,470,waterLily
data/imgs/image_00300.jpg,33,207,392,473,waterLily
data/imgs/image_00300.jpg,303,81,691,400,waterLily
data/imgs/image_00314.jpg,99,120,516,450,waterLily
data/imgs/image_00328.jpg,9,98,362,410,waterLily
data/imgs/image_00328.jpg,276,94,654,500,waterLily
data/imgs/image_00274.jpg,118,85,554,394,waterLily
data/imgs/image_00260.jpg,65,53,636,437,waterLily
data/imgs/image_00276.jpg,188,67,507,369,waterLily
data/imgs/image_00262.jpg,87,88,583,468,waterLily
data/imgs/image_00289.jpg,108,69,611,388,waterLily
data/imgs/image_00302.jpg,73,83,447,422,waterLily
data/imgs/image_00302.jpg,396,63,752,332,waterLily
data/imgs/image_00316.jpg,166,62,610,448,waterLily
data/imgs/image_00317.jpg,28,158,466,426,waterLily
data/imgs/image_00317.jpg,267,69,752,288,waterLily
data/imgs/image_00303.jpg,27,45,561,500,waterLily
data/imgs/image_00288.jpg,66,19,606,499,waterLily
data/imgs/image_00263.jpg,81,12,583,362,waterLily
data/imgs/image_00277.jpg,60,2,669,500,waterLily
data/imgs/image_00273.jpg,206,55,565,416,waterLily
data/imgs/image_00267.jpg,88,1,443,370,waterLily
data/imgs/image_00298.jpg,6,60,575,501,waterLily
data/imgs/image_00307.jpg,59,64,479,452,waterLily
data/imgs/image_00313.jpg,36,163,396,473,waterLily
data/imgs/image_00313.jpg,186,5,465,165,waterLily
data/imgs/image_00312.jpg,140,64,615,477,waterLily
data/imgs/image_00306.jpg,50,123,444,491,waterLily
data/imgs/image_00299.jpg,99,42,620,468,waterLily
data/imgs/image_00266.jpg,30,84,751,488,waterLily
data/imgs/image_00272.jpg,85,190,397,452,waterLily
data/imgs/image_00272.jpg,373,54,693,335,waterLily
data/imgs/image_00264.jpg,129,57,526,371,waterLily
data/imgs/image_00270.jpg,138,92,561,443,waterLily
data/imgs/image_00258.jpg,164,20,454,222,waterLily
data/imgs/image_00258.jpg,59,358,422,609,waterLily
data/imgs/image_00310.jpg,59,33,511,444,waterLily
data/imgs/image_00304.jpg,28,7,672,469,waterLily
data/imgs/image_00338.jpg,116,60,563,377,waterLily
data/imgs/image_00339.jpg,220,76,645,423,waterLily
data/imgs/image_00305.jpg,1,40,488,501,waterLily
data/imgs/image_00311.jpg,18,1,635,500,waterLily
data/imgs/image_00259.jpg,79,1,645,497,waterLily
data/imgs/image_00271.jpg,35,5,652,498,waterLily
data/imgs/image_00265.jpg,172,42,525,421,waterLily
data/imgs/image_01177.jpg,5,1,709,500,rose
data/imgs/image_01163.jpg,109,71,471,349,rose
data/imgs/image_01175.jpg,127,1,600,461,rose
data/imgs/image_01161.jpg,130,46,531,438,rose
data/imgs/image_01149.jpg,69,40,565,500,rose
data/imgs/image_01203.jpg,106,1,627,500,rose
data/imgs/image_01217.jpg,97,80,612,500,rose
data/imgs/image_01216.jpg,157,41,538,484,rose
data/imgs/image_01202.jpg,207,54,566,461,rose
data/imgs/image_01148.jpg,67,115,435,500,rose
data/imgs/image_01160.jpg,137,89,621,409,rose
data/imgs/image_01174.jpg,31,44,592,500,rose
data/imgs/image_01158.jpg,60,36,470,467,rose
data/imgs/image_01170.jpg,14,62,500,496,rose
data/imgs/image_01164.jpg,2,20,594,488,rose
data/imgs/image_01206.jpg,146,27,634,470,rose
data/imgs/image_01212.jpg,70,71,506,432,rose
data/imgs/image_01213.jpg,32,136,426,483,rose
data/imgs/image_01207.jpg,99,59,645,496,rose
data/imgs/image_01165.jpg,14,165,182,347,rose
data/imgs/image_01165.jpg,205,139,540,416,rose
data/imgs/image_01171.jpg,22,16,593,474,rose
data/imgs/image_01159.jpg,138,76,537,350,rose
data/imgs/image_01167.jpg,36,5,536,480,rose
data/imgs/image_01173.jpg,26,65,352,425,rose
data/imgs/image_01173.jpg,423,73,826,459,rose
data/imgs/image_01198.jpg,66,64,432,356,rose
data/imgs/image_01211.jpg,100,47,562,448,rose
data/imgs/image_01205.jpg,54,52,512,437,rose
data/imgs/image_01204.jpg,120,15,640,490,rose
data/imgs/image_01210.jpg,11,52,629,500,rose
data/imgs/image_01199.jpg,159,11,696,470,rose
data/imgs/image_01172.jpg,68,24,610,469,rose
data/imgs/image_01166.jpg,240,140,537,442,rose
data/imgs/image_01143.jpg,127,107,598,416,rose
data/imgs/image_01157.jpg,18,21,572,457,rose
data/imgs/image_01180.jpg,63,34,331,325,rose
data/imgs/image_01194.jpg,169,89,560,472,rose
data/imgs/image_01221.jpg,95,73,571,470,rose
data/imgs/image_01209.jpg,1,131,287,441,rose
data/imgs/image_01209.jpg,310,173,660,492,rose
data/imgs/image_01208.jpg,63,87,410,445,rose
data/imgs/image_01220.jpg,104,71,544,433,rose
data/imgs/image_01195.jpg,91,1,660,482,rose
data/imgs/image_01181.jpg,70,32,467,445,rose
data/imgs/image_01156.jpg,116,8,642,434,rose
data/imgs/image_01154.jpg,210,13,645,427,rose
data/imgs/image_01168.jpg,102,16,710,500,rose
data/imgs/image_01197.jpg,73,55,547,416,rose
data/imgs/image_01183.jpg,299,41,562,442,rose
data/imgs/image_01222.jpg,224,77,567,428,rose
data/imgs/image_01223.jpg,63,9,670,478,rose
data/imgs/image_01182.jpg,90,22,549,446,rose
data/imgs/image_01196.jpg,134,38,399,475,rose
data/imgs/image_01169.jpg,64,61,394,360,rose
data/imgs/image_01155.jpg,108,12,628,496,rose
data/imgs/image_01179.jpg,116,133,452,476,rose
data/imgs/image_01151.jpg,156,1,684,417,rose
data/imgs/image_01145.jpg,159,112,509,409,rose
data/imgs/image_01192.jpg,170,30,647,498,rose
data/imgs/image_01186.jpg,65,17,475,457,rose
data/imgs/image_01227.jpg,98,52,435,321,rose
data/imgs/image_01226.jpg,187,113,549,491,rose
data/imgs/image_01187.jpg,171,73,568,394,rose
data/imgs/image_01193.jpg,82,57,517,432,rose
data/imgs/image_01144.jpg,153,74,534,472,rose
data/imgs/image_01150.jpg,56,71,483,362,rose
data/imgs/image_01178.jpg,39,49,456,321,rose
data/imgs/image_01146.jpg,90,48,586,499,rose
data/imgs/image_01152.jpg,122,77,474,419,rose
data/imgs/image_01185.jpg,78,70,568,467,rose
data/imgs/image_01191.jpg,89,91,418,410,rose
data/imgs/image_01218.jpg,134,37,560,425,rose
data/imgs/image_01230.jpg,131,97,495,397,rose
data/imgs/image_01224.jpg,10,6,615,500,rose
data/imgs/image_01225.jpg,117,108,599,469,rose
data/imgs/image_01231.jpg,88,50,585,467,rose
data/imgs/image_01219.jpg,6,88,479,600,rose
data/imgs/image_01190.jpg,102,22,623,500,rose
data/imgs/image_01184.jpg,75,69,425,407,rose
data/imgs/image_01153.jpg,136,1,548,487,rose
data/imgs/image_01147.jpg,187,86,451,398,rose
data/imgs/image_05414.jpg,18,18,480,460,sunflower
data/imgs/image_05400.jpg,154,44,406,463,sunflower
data/imgs/image_05416.jpg,125,5,597,450,sunflower
data/imgs/image_05402.jpg,51,45,509,461,sunflower
data/imgs/image_sunflower_3.jpeg,51,22,186,149,sunflower
data/imgs/image_sunflower_3.jpeg,14,93,76,155,sunflower
data/imgs/image_sunflower_3.jpeg,171,88,219,158,sunflower
data/imgs/image_sunflower_2.jpeg,54,28,117,94,sunflower
data/imgs/image_05403.jpg,57,59,406,508,sunflower
data/imgs/image_05417.jpg,1,104,469,626,sunflower
data/imgs/image_05413.jpg,18,18,516,486,sunflower
data/imgs/image_05407.jpg,34,40,489,417,sunflower
data/imgs/image_sunflower_6.jpeg,21,28,180,194,sunflower
data/imgs/image_sunflower_7.jpg,930,340,1725,1155,sunflower
data/imgs/image_sunflower_7.jpg,356,657,1072,1233,sunflower
data/imgs/image_05406.jpg,19,4,493,468,sunflower
data/imgs/image_05412.jpg,91,1,666,500,sunflower
data/imgs/image_05438.jpg,45,1,500,503,sunflower
data/imgs/image_05404.jpg,35,101,317,466,sunflower
data/imgs/image_05410.jpg,151,10,606,458,sunflower
data/imgs/image_sunflower_5.jpeg,35,72,175,231,sunflower
data/imgs/image_sunflower_4.jpeg,69,10,227,152,sunflower
data/imgs/image_05411.jpg,32,1,450,485,sunflower
data/imgs/image_05405.jpg,137,38,395,353,sunflower
data/imgs/image_05439.jpg,42,37,447,452,sunflower
data/imgs/image_05420.jpg,1,3,519,500,sunflower
data/imgs/image_05434.jpg,21,14,519,500,sunflower
data/imgs/image_05408.jpg,103,14,584,477,sunflower
data/imgs/image_sunflower_9.jpeg,35,14,209,207,sunflower
data/imgs/image_sunflower_8.jpeg,109,54,164,113,sunflower
data/imgs/image_05409.jpg,80,63,453,474,sunflower
data/imgs/image_05435.jpg,17,55,470,492,sunflower
data/imgs/image_05421.jpg,21,38,480,482,sunflower
data/imgs/image_sunflower_10.jpeg,45,20,222,167,sunflower
data/imgs/image_05437.jpg,64,16,500,476,sunflower
data/imgs/image_05423.jpg,27,1,522,481,sunflower
data/imgs/image_05422.jpg,1,28,500,480,sunflower
data/imgs/image_05436.jpg,8,51,481,487,sunflower
data/imgs/image_05432.jpg,37,35,484,474,sunflower
data/imgs/image_05426.jpg,30,60,479,551,sunflower
data/imgs/image_05427.jpg,95,1,604,462,sunflower
data/imgs/image_05433.jpg,21,25,493,490,sunflower
data/imgs/image_05419.jpg,12,1,488,507,sunflower
data/imgs/image_05425.jpg,62,30,442,463,sunflower
data/imgs/image_05431.jpg,53,7,611,500,sunflower
data/imgs/image_05430.jpg,10,16,469,458,sunflower
data/imgs/image_05424.jpg,168,9,600,476,sunflower
data/imgs/image_05418.jpg,14,15,525,488,sunflower
data/imgs/image_05443.jpg,1,1,508,500,sunflower
data/imgs/image_05457.jpg,108,43,533,488,sunflower
data/imgs/image_05456.jpg,117,11,551,456,sunflower
data/imgs/image_05442.jpg,4,6,509,500,sunflower
data/imgs/image_05454.jpg,118,34,582,480,sunflower
data/imgs/image_05440.jpg,76,43,505,471,sunflower
data/imgs/image_05441.jpg,165,31,599,470,sunflower
data/imgs/image_05455.jpg,140,15,553,442,sunflower
data/imgs/image_05451.jpg,35,48,552,377,sunflower
data/imgs/image_05445.jpg,99,8,586,467,sunflower
data/imgs/image_05444.jpg,14,4,575,471,sunflower
data/imgs/image_05450.jpg,150,11,525,434,sunflower
data/imgs/image_05446.jpg,26,13,538,476,sunflower
data/imgs/image_05452.jpg,123,77,496,454,sunflower
data/imgs/image_05453.jpg,162,45,694,467,sunflower
data/imgs/image_05447.jpg,3,3,666,500,sunflower
data/imgs/image_01897.jpg,52,26,507,488,lotus
data/imgs/image_01868.jpg,59,58,604,483,lotus
data/imgs/image_01840.jpg,11,9,658,500,lotus
data/imgs/image_01854.jpg,9,35,613,500,lotus
data/imgs/image_01908.jpg,14,66,634,471,lotus
data/imgs/image_01934.jpg,39,19,596,471,lotus
data/imgs/image_01920.jpg,81,44,669,452,lotus
data/imgs/image_01921.jpg,69,70,624,481,lotus
data/imgs/image_01935.jpg,47,37,481,375,lotus
data/imgs/image_01909.jpg,229,76,604,440,lotus
data/imgs/image_01855.jpg,60,76,616,500,lotus
data/imgs/image_01841.jpg,47,145,437,584,lotus
data/imgs/image_01869.jpg,78,3,631,490,lotus
data/imgs/image_01896.jpg,56,128,430,410,lotus
data/imgs/image_01882.jpg,166,79,687,456,lotus
data/imgs/image_01894.jpg,104,42,569,473,lotus
data/imgs/image_01880.jpg,261,70,706,476,lotus
data/imgs/image_01857.jpg,129,18,629,452,lotus
data/imgs/image_01843.jpg,179,85,427,456,lotus
data/imgs/image_01923.jpg,193,143,648,423,lotus
data/imgs/image_01936.jpg,116,163,475,479,lotus
data/imgs/image_01922.jpg,88,31,555,399,lotus
data/imgs/image_01842.jpg,131,111,520,462,lotus
data/imgs/image_01856.jpg,151,119,486,458,lotus
data/imgs/image_01881.jpg,90,3,712,458,lotus
data/imgs/image_01895.jpg,98,186,455,534,lotus
data/imgs/image_01891.jpg,43,97,429,396,lotus
data/imgs/image_01885.jpg,35,73,690,465,lotus
data/imgs/image_01846.jpg,78,31,628,494,lotus
data/imgs/image_01926.jpg,68,6,662,500,lotus
data/imgs/image_01932.jpg,70,48,582,341,lotus
data/imgs/image_01933.jpg,273,97,726,432,lotus
data/imgs/image_01927.jpg,134,63,461,394,lotus
data/imgs/image_01847.jpg,110,122,628,446,lotus
data/imgs/image_01853.jpg,156,13,558,496,lotus
data/imgs/image_01884.jpg,48,133,465,448,lotus
data/imgs/image_01890.jpg,99,84,412,349,lotus
data/imgs/image_01890.jpg,87,374,423,642,lotus
data/imgs/image_01886.jpg,125,41,501,434,lotus
data/imgs/image_01892.jpg,63,24,592,466,lotus
data/imgs/image_01845.jpg,75,34,670,483,lotus
data/imgs/image_01851.jpg,168,83,590,371,lotus
data/imgs/image_01879.jpg,59,177,405,509,lotus
data/imgs/image_01931.jpg,116,104,551,471,lotus
data/imgs/image_01925.jpg,129,90,507,445,lotus
data/imgs/image_01919.jpg,135,20,632,500,lotus
data/imgs/image_01918.jpg,39,45,610,484,lotus
data/imgs/image_01924.jpg,326,51,537,274,lotus
data/imgs/image_01924.jpg,25,258,425,453,lotus
data/imgs/image_01930.jpg,59,61,620,454,lotus
data/imgs/image_01878.jpg,16,37,738,500,lotus
data/imgs/image_01850.jpg,94,20,372,455,lotus
data/imgs/image_01844.jpg,55,78,621,500,lotus
data/imgs/image_01893.jpg,28,16,600,468,lotus
data/imgs/image_01887.jpg,108,50,633,481,lotus
data/imgs/image_01849.jpg,142,86,497,451,lotus
data/imgs/image_01861.jpg,181,101,618,445,lotus
data/imgs/image_01875.jpg,100,83,574,495,lotus
data/imgs/image_01929.jpg,85,43,645,473,lotus
data/imgs/image_01915.jpg,205,52,667,419,lotus
data/imgs/image_01901.jpg,107,70,610,387,lotus
data/imgs/image_01900.jpg,146,153,591,477,lotus
data/imgs/image_01914.jpg,197,190,533,461,lotus
data/imgs/image_01928.jpg,37,29,706,487,lotus
data/imgs/image_01874.jpg,77,63,524,318,lotus
data/imgs/image_01860.jpg,101,46,443,373,lotus
data/imgs/image_01848.jpg,25,17,667,500,lotus
data/imgs/image_01889.jpg,228,111,615,458,lotus
data/imgs/image_01876.jpg,47,3,667,483,lotus
data/imgs/image_01862.jpg,104,52,590,467,lotus
data/imgs/image_01902.jpg,35,177,500,625,lotus
data/imgs/image_01916.jpg,177,99,598,429,lotus
data/imgs/image_01917.jpg,55,16,656,500,lotus
data/imgs/image_01903.jpg,101,30,639,477,lotus
data/imgs/image_01863.jpg,30,60,469,452,lotus
data/imgs/image_01877.jpg,60,56,520,371,lotus
data/imgs/image_01888.jpg,11,8,485,498,lotus
data/imgs/image_01898.jpg,113,33,584,423,lotus
data/imgs/image_01873.jpg,195,58,633,488,lotus
data/imgs/image_01867.jpg,275,108,717,439,lotus
data/imgs/image_01907.jpg,46,10,674,481,lotus
data/imgs/image_01913.jpg,21,1,660,500,lotus
data/imgs/image_01912.jpg,97,2,626,495,lotus
data/imgs/image_01906.jpg,218,110,644,442,lotus
data/imgs/image_01866.jpg,10,42,488,510,lotus
data/imgs/image_01872.jpg,57,19,527,431,lotus
data/imgs/image_01899.jpg,11,183,500,569,lotus
data/imgs/image_01864.jpg,94,66,435,392,lotus
data/imgs/image_01870.jpg,63,9,485,406,lotus
data/imgs/image_01858.jpg,29,35,599,500,lotus
data/imgs/image_01910.jpg,53,89,521,458,lotus
data/imgs/image_01904.jpg,136,157,626,481,lotus
data/imgs/image_01905.jpg,54,24,616,488,lotus
data/imgs/image_01911.jpg,124,23,559,499,lotus
data/imgs/image_01859.jpg,61,117,534,407,lotus
data/imgs/image_01871.jpg,90,116,503,466,lotus
data/imgs/image_01865.jpg,66,59,450,294,lotus
data/imgs/image_01829.jpg,66,121,470,451,lotus
data/imgs/image_01828.jpg,96,39,464,286,lotus
data/imgs/image_01828.jpg,58,251,478,569,lotus
data/imgs/image_01838.jpg,81,3,570,489,lotus
data/imgs/image_01839.jpg,341,55,643,448,lotus
data/imgs/image_06903.jpg,60,182,365,390,carnation
data/imgs/image_06903.jpg,330,51,715,348,carnation
data/imgs/image_06917.jpg,17,23,493,556,carnation
data/imgs/image_06898.jpg,147,60,579,498,carnation
data/imgs/image_06913.jpg,104,72,561,468,carnation
data/imgs/image_06907.jpg,111,56,538,466,carnation
data/imgs/image_06906.jpg,98,65,424,380,carnation
data/imgs/image_06906.jpg,172,291,457,680,carnation
data/imgs/image_06912.jpg,54,75,475,478,carnation
data/imgs/image_06899.jpg,55,48,322,305,carnation
data/imgs/image_06899.jpg,186,172,474,472,carnation
data/imgs/image_06938.jpeg,41,12,228,183,carnation
data/imgs/image_06904.jpg,83,44,605,467,carnation
data/imgs/image_06910.jpg,2,39,220,408,carnation
data/imgs/image_06910.jpg,150,73,570,431,carnation
data/imgs/image_06911.jpg,101,30,534,430,carnation
data/imgs/image_06905.jpg,46,47,472,498,carnation
data/imgs/image_06939.jpeg,8,15,225,208,carnation
data/imgs/image_06897.jpg,124,31,426,367,carnation
data/imgs/image_06920.jpg,234,84,599,324,carnation
data/imgs/image_06920.jpg,470,304,702,491,carnation
data/imgs/image_06934.jpeg,15,8,227,163,carnation
data/imgs/image_06908.jpg,114,86,539,470,carnation
data/imgs/image_06909.jpg,202,57,583,438,carnation
data/imgs/image_06935.jpeg,51,72,182,207,carnation
data/imgs/image_06921.jpg,52,76,520,412,carnation
data/imgs/image_06896.jpg,46,214,320,453,carnation
data/imgs/image_06896.jpg,313,117,683,369,carnation
data/imgs/image_06894.jpg,42,6,594,500,carnation
data/imgs/image_06937.jpg,76,55,277,240,carnation
data/imgs/image_06923.jpg,206,99,508,387,carnation
data/imgs/image_06922.jpg,34,40,489,471,carnation
data/imgs/image_06936.jpg,171,108,376,302,carnation
data/imgs/image_06936.jpg,400,83,512,277,carnation
data/imgs/image_06936.jpg,228,15,411,94,carnation
data/imgs/image_06936.jpg,48,37,205,167,carnation
data/imgs/image_06895.jpg,23,10,685,455,carnation
data/imgs/image_06891.jpg,385,1,668,351,carnation
data/imgs/image_06891.jpg,46,66,362,434,carnation
data/imgs/image_06932.jpeg,49,6,232,194,carnation
data/imgs/image_06926.jpg,26,11,497,493,carnation
data/imgs/image_06927.jpg,51,74,449,345,carnation
data/imgs/image_06933.jpeg,70,29,166,166,carnation
data/imgs/image_06933.jpeg,180,52,271,159,carnation
data/imgs/image_06890.jpg,176,49,450,316,carnation
data/imgs/image_06890.jpg,68,66,246,299,carnation
data/imgs/image_06890.jpg,159,305,346,482,carnation
data/imgs/image_06892.jpg,257,19,706,416,carnation
data/imgs/image_06919.jpg,44,48,433,368,carnation
data/imgs/image_06925.jpg,152,31,581,473,carnation
data/imgs/image_06931.jpeg,30,2,224,160,carnation
data/imgs/image_06930.jpeg,35,2,209,190,carnation
data/imgs/image_06924.jpg,61,75,433,326,carnation
data/imgs/image_06918.jpg,71,208,417,542,carnation
data/imgs/image_06918.jpg,110,56,314,173,carnation
data/imgs/image_06893.jpg,206,33,675,500,carnation
data/imgs/image_06942.jpg,23,2,226,145,carnation
data/imgs/image_06942.jpg,157,108,378,322,carnation
data/imgs/image_06942.jpg,74,223,192,328,carnation
data/imgs/image_06942.jpg,18,91,137,203,carnation
data/imgs/image_06942.jpg,281,80,410,169,carnation
data/imgs/image_06940.jpeg,52,42,119,96,carnation
data/imgs/image_06940.jpeg,63,68,128,140,carnation
data/imgs/image_06940.jpeg,133,87,203,175,carnation
data/imgs/image_06941.jpeg,127,19,233,126,carnation
data/imgs/image_05717.jpg,267,6,559,294,daffodill
data/imgs/image_05717.jpg,17,175,308,462,daffodill
data/imgs/image_05716.jpg,42,11,504,473,daffodill
data/imgs/image_05702.jpg,28,16,447,435,daffodill
data/imgs/image_05689.jpg,103,63,402,398,daffodill
data/imgs/image_05699.jpg,77,47,421,450,daffodill
data/imgs/image_05699.jpg,443,186,609,394,daffodill
data/imgs/image_05706.jpg,169,35,561,453,daffodill
data/imgs/image_05712.jpg,17,33,414,448,daffodill
data/imgs/image_05712.jpg,302,190,579,500,daffodill
data/imgs/image_05712.jpg,426,56,666,332,daffodill
data/imgs/image_05713.jpg,76,15,467,405,daffodill
data/imgs/image_05707.jpg,21,29,491,499,daffodill
data/imgs/image_05698.jpg,28,37,465,446,daffodill
data/imgs/image_05739.jpg,27,46,489,485,daffodill
data/imgs/image_05711.jpg,79,27,494,500,daffodill
data/imgs/image_05705.jpg,62,95,469,482,daffodill
data/imgs/image_05704.jpg,116,9,544,425,daffodill
data/imgs/image_05710.jpg,108,77,338,416,daffodill
data/imgs/image_05710.jpg,307,44,635,456,daffodill
data/imgs/image_05738.jpg,60,21,604,433,daffodill
data/imgs/image_05748.jpg,104,4,280,217,daffodill
data/imgs/image_05748.jpg,289,117,442,285,daffodill
data/imgs/image_05749.jpg,43,28,437,387,daffodill
data/imgs/image_05742.jpg,132,12,564,433,daffodill
data/imgs/image_05743.jpg,78,19,480,473,daffodill
data/imgs/image_05741.jpg,54,42,430,487,daffodill
data/imgs/image_05740.jpg,50,38,436,435,daffodill
data/imgs/image_05744.jpg,72,35,726,600,daffodill
data/imgs/image_05750.jpg,45,197,272,362,daffodill
data/imgs/image_05750.jpg,107,19,317,216,daffodill
data/imgs/image_05751.jpg,68,1,853,540,daffodill
data/imgs/image_05745.jpeg,5,53,89,155,daffodill
data/imgs/image_05745.jpeg,87,81,161,169,daffodill
data/imgs/image_05745.jpeg,211,14,270,79,daffodill
data/imgs/image_05753.jpg,143,1,335,251,daffodill
data/imgs/image_05753.jpg,3,62,191,301,daffodill
data/imgs/image_05753.jpg,20,218,267,477,daffodill
data/imgs/image_05747.jpg,109,33,495,430,daffodill
data/imgs/image_05747.jpg,322,169,632,559,daffodill
data/imgs/image_05746.jpg,167,79,387,285,daffodill
data/imgs/image_05752.jpg,137,46,319,224,daffodill
data/imgs/image_05696.jpg,64,3,558,471,daffodill
data/imgs/image_05735.jpg,27,96,393,383,daffodill
data/imgs/image_05721.jpg,19,9,496,513,daffodill
data/imgs/image_05709.jpg,43,19,482,496,daffodill
data/imgs/image_05708.jpg,105,33,522,459,daffodill
data/imgs/image_05720.jpg,20,3,500,538,daffodill
data/imgs/image_05734.jpg,160,30,507,424,daffodill
data/imgs/image_05697.jpg,60,2,594,475,daffodill
data/imgs/image_05695.jpg,88,68,450,346,daffodill
data/imgs/image_05695.jpg,41,299,416,645,daffodill
data/imgs/image_05722.jpg,90,12,559,474,daffodill
data/imgs/image_05736.jpg,136,18,497,433,daffodill
data/imgs/image_05737.jpg,118,14,467,486,daffodill
data/imgs/image_05723.jpg,21,125,470,496,daffodill
data/imgs/image_05694.jpg,136,23,563,463,daffodill
data/imgs/image_05690.jpg,37,15,488,500,daffodill
data/imgs/image_05727.jpg,35,62,472,494,daffodill
data/imgs/image_05733.jpg,143,24,580,441,daffodill
data/imgs/image_05732.jpg,240,9,521,365,daffodill
data/imgs/image_05726.jpg,210,109,553,469,daffodill
data/imgs/image_05726.jpg,5,4,298,442,daffodill
data/imgs/image_05691.jpg,23,17,517,475,daffodill
data/imgs/image_05687.jpg,113,53,551,444,daffodill
data/imgs/image_05693.jpg,61,67,333,398,daffodill
data/imgs/image_05693.jpg,299,46,606,415,daffodill
data/imgs/image_05718.jpg,61,1,596,500,daffodill
data/imgs/image_05730.jpg,62,55,448,349,daffodill
data/imgs/image_05724.jpg,152,54,562,447,daffodill
data/imgs/image_05725.jpg,155,57,497,419,daffodill
data/imgs/image_05725.jpg,1,207,375,621,daffodill
data/imgs/image_05731.jpg,72,70,446,463,daffodill
data/imgs/image_05719.jpg,19,75,448,423,daffodill
data/imgs/image_05692.jpg,64,88,550,413,daffodill
data/imgs/image_05686.jpg,85,39,344,295,daffodill
data/imgs/image_05686.jpg,16,209,259,512,daffodill
data/imgs/image_05686.jpg,221,177,490,497,daffodill
data/imgs/image_05477.jpg,91,13,595,454,magnolia
data/imgs/image_05463.jpg,117,38,637,418,magnolia
data/imgs/image_05475.jpg,38,36,471,481,magnolia
data/imgs/image_05461.jpg,14,43,582,472,magnolia
data/imgs/image_05501.jpg,21,29,628,494,magnolia
data/imgs/image_05515.jpg,61,26,727,500,magnolia
data/imgs/image_05529.jpg,339,168,447,269,magnolia
data/imgs/image_05529.jpg,272,258,377,369,magnolia
data/imgs/image_05529.jpg,428,245,556,340,magnolia
data/imgs/image_05529.jpg,385,337,494,443,magnolia
data/imgs/image_05529.jpg,485,347,615,443,magnolia
data/imgs/image_05529.jpg,570,268,634,349,magnolia
data/imgs/image_05529.jpg,144,120,283,287,magnolia
data/imgs/image_05529.jpg,222,77,344,173,magnolia
data/imgs/image_05529.jpg,305,2,448,113,magnolia
data/imgs/image_05529.jpg,118,2,224,96,magnolia
data/imgs/image_05529.jpg,39,129,135,237,magnolia
data/imgs/image_05529.jpg,9,280,86,391,magnolia
data/imgs/image_05528.jpg,159,20,606,576,magnolia
data/imgs/image_05528.jpg,521,93,843,562,magnolia
data/imgs/image_05514.jpg,108,32,599,466,magnolia
data/imgs/image_05500.jpg,40,53,496,500,magnolia
data/imgs/image_05460.jpg,42,10,575,480,magnolia
data/imgs/image_05474.jpg,58,121,377,434,magnolia
data/imgs/image_05474.jpg,404,147,619,376,magnolia
data/imgs/image_05470.jpg,25,78,319,453,magnolia
data/imgs/image_05470.jpg,311,61,597,437,magnolia
data/imgs/image_05470.jpg,544,179,612,437,magnolia
data/imgs/image_05464.jpg,127,84,489,434,magnolia
data/imgs/image_05504.jpg,38,34,567,494,magnolia
data/imgs/image_05510.jpg,26,30,528,485,magnolia
data/imgs/image_05511.jpg,29,26,647,463,magnolia
data/imgs/image_05505.jpg,14,33,594,493,magnolia
data/imgs/image_05465.jpg,81,33,634,455,magnolia
data/imgs/image_05471.jpg,25,3,563,459,magnolia
data/imgs/image_05467.jpg,166,64,578,465,magnolia
data/imgs/image_05473.jpg,31,20,526,466,magnolia
data/imgs/image_05498.jpg,85,48,590,500,magnolia
data/imgs/image_05513.jpg,59,11,579,500,magnolia
data/imgs/image_05507.jpg,62,3,564,497,magnolia
data/imgs/image_05506.jpg,34,72,644,481,magnolia
data/imgs/image_05512.jpg,12,80,540,418,magnolia
data/imgs/image_05499.jpg,23,41,534,446,magnolia
data/imgs/image_05472.jpg,50,83,622,458,magnolia
data/imgs/image_05466.jpg,38,54,514,500,magnolia
data/imgs/image_05480.jpg,99,43,585,473,magnolia
data/imgs/image_05494.jpg,76,33,525,488,magnolia
data/imgs/image_05523.jpg,94,121,643,882,magnolia
data/imgs/image_05522.jpg,93,18,622,453,magnolia
data/imgs/image_05495.jpg,25,83,447,372,magnolia
data/imgs/image_05495.jpg,353,65,649,450,magnolia
data/imgs/image_05481.jpg,31,71,486,413,magnolia
data/imgs/image_05468.jpg,68,138,416,408,magnolia
data/imgs/image_05468.jpg,401,207,644,493,magnolia
data/imgs/image_05497.jpg,176,148,350,451,magnolia
data/imgs/image_05497.jpg,323,110,492,444,magnolia
data/imgs/image_05483.jpg,92,30,477,486,magnolia
data/imgs/image_05520.jpg,22,42,424,464,magnolia
data/imgs/image_05534.jpg,71,30,378,340,magnolia
data/imgs/image_05508.jpg,214,178,532,452,magnolia
data/imgs/image_05508.jpg,21,22,371,219,magnolia
data/imgs/image_05508.jpg,2,243,235,500,magnolia
data/imgs/image_05509.jpg,75,37,512,472,magnolia
data/imgs/image_05521.jpg,41,34,537,471,magnolia
data/imgs/image_05482.jpg,13,43,203,242,magnolia
data/imgs/image_05482.jpg,219,132,372,353,magnolia
data/imgs/image_05482.jpg,332,198,592,409,magnolia
data/imgs/image_05496.jpg,64,45,581,463,magnolia
data/imgs/image_05469.jpg,57,32,559,487,magnolia
data/imgs/image_05479.jpg,103,206,461,493,magnolia
data/imgs/image_05479.jpg,282,31,621,263,magnolia
data/imgs/image_05479.jpg,58,40,146,132,magnolia
data/imgs/image_05492.jpg,107,51,498,432,magnolia
data/imgs/image_05492.jpg,460,236,635,398,magnolia
data/imgs/image_05486.jpg,58,53,219,202,magnolia
data/imgs/image_05486.jpg,167,98,646,488,magnolia
data/imgs/image_05519.jpg,99,25,669,500,magnolia
data/imgs/image_05525.jpg,183,12,903,674,magnolia
data/imgs/image_05531.jpg,15,78,168,238,magnolia
data/imgs/image_05531.jpg,251,44,472,182,magnolia
data/imgs/image_05531.jpg,427,63,699,265,magnolia
data/imgs/image_05531.jpg,75,186,431,459,magnolia
data/imgs/image_05530.jpg,6,74,192,241,magnolia
data/imgs/image_05530.jpg,475,70,683,282,magnolia
data/imgs/image_05530.jpg,278,160,468,311,magnolia
data/imgs/image_05530.jpg,113,179,352,459,magnolia
data/imgs/image_05524.jpg,458,170,816,484,magnolia
data/imgs/image_05518.jpg,34,83,587,454,magnolia
data/imgs/image_05487.jpg,61,1,539,491,magnolia
data/imgs/image_05493.jpg,21,15,539,494,magnolia
data/imgs/image_05478.jpg,62,28,542,457,magnolia
data/imgs/image_05485.jpg,294,57,539,238,magnolia
data/imgs/image_05485.jpg,69,137,502,500,magnolia
data/imgs/image_05491.jpg,79,61,575,500,magnolia
data/imgs/image_05532.jpg,120,76,549,396,magnolia
data/imgs/image_05526.jpg,30,45,346,327,magnolia
data/imgs/image_05526.jpg,231,199,449,425,magnolia
data/imgs/image_05527.jpg,207,24,805,534,magnolia
data/imgs/image_05533.jpg,130,77,370,282,magnolia
data/imgs/image_05490.jpg,129,76,599,464,magnolia
data/imgs/image_05484.jpg,33,26,564,482,magnolia
data/imgs/image_07673.jpg,124,64,568,463,camellia
data/imgs/image_07677.jpg,71,15,547,489,camellia
data/imgs/image_07663.jpg,141,42,538,458,camellia
data/imgs/image_07662.jpg,126,44,645,495,camellia
data/imgs/image_07676.jpg,94,107,497,403,camellia
data/imgs/image_07648.jpg,104,24,565,483,camellia
data/imgs/image_07660.jpg,156,52,577,437,camellia
data/imgs/image_07674.jpg,115,46,592,470,camellia
data/imgs/image_07675.jpg,62,156,457,507,camellia
data/imgs/image_07661.jpg,315,15,622,335,camellia
data/imgs/image_07661.jpg,173,106,464,426,camellia
data/imgs/image_07649.jpg,73,47,594,479,camellia
data/imgs/image_07606.jpg,189,123,565,445,camellia
data/imgs/image_07612.jpg,119,37,568,417,camellia
data/imgs/image_07613.jpg,185,21,726,480,camellia
data/imgs/image_07607.jpg,131,54,494,403,camellia
data/imgs/image_07598.jpg,21,37,493,463,camellia
data/imgs/image_07611.jpg,204,35,471,407,camellia
data/imgs/image_07605.jpg,67,22,554,500,camellia
data/imgs/image_07639.jpg,150,67,503,449,camellia
data/imgs/image_07638.jpg,45,8,544,491,camellia
data/imgs/image_07604.jpg,114,74,486,456,camellia
data/imgs/image_07610.jpg,118,94,438,377,camellia
data/imgs/image_07599.jpg,82,10,505,427,camellia
data/imgs/image_07628.jpg,46,19,503,471,camellia
data/imgs/image_07614.jpg,169,44,494,466,camellia
data/imgs/image_07600.jpg,105,31,595,494,camellia
data/imgs/image_07601.jpg,67,25,419,390,camellia
data/imgs/image_07615.jpg,62,90,328,371,camellia
data/imgs/image_07615.jpg,268,77,603,446,camellia
data/imgs/image_07629.jpg,63,29,445,444,camellia
data/imgs/image_07603.jpg,155,28,558,450,camellia
data/imgs/image_07617.jpg,81,28,520,501,camellia
data/imgs/image_07616.jpg,176,47,508,403,camellia
data/imgs/image_07602.jpg,135,38,534,426,camellia
data/imgs/image_07627.jpg,115,50,515,489,camellia
data/imgs/image_07633.jpg,166,14,563,469,camellia
data/imgs/image_07632.jpg,120,24,494,371,camellia
data/imgs/image_07626.jpg,119,68,485,441,camellia
data/imgs/image_07630.jpg,139,37,555,474,camellia
data/imgs/image_07624.jpg,75,78,414,447,camellia
data/imgs/image_07618.jpg,142,33,563,476,camellia
data/imgs/image_07619.jpg,84,24,534,466,camellia
data/imgs/image_07625.jpg,108,26,504,438,camellia
data/imgs/image_07631.jpg,96,25,364,237,camellia
data/imgs/image_07631.jpg,61,187,415,562,camellia
data/imgs/image_07594.jpg,84,56,459,427,camellia
data/imgs/image_07609.jpg,111,57,530,476,camellia
data/imgs/image_07635.jpg,192,68,538,471,camellia
data/imgs/image_07621.jpg,51,66,437,460,camellia
data/imgs/image_07620.jpg,51,136,726,433,camellia
data/imgs/image_07634.jpg,210,27,605,491,camellia
data/imgs/image_07608.jpg,75,19,583,496,camellia
data/imgs/image_07595.jpg,43,61,393,456,camellia
data/imgs/image_07597.jpg,51,46,385,420,camellia
data/imgs/image_07622.jpg,75,45,448,419,camellia
data/imgs/image_07636.jpg,67,91,440,488,camellia
data/imgs/image_07637.jpg,42,152,438,608,camellia
data/imgs/image_07623.jpg,99,7,562,453,camellia
data/imgs/image_07596.jpg,91,26,666,500,camellia
data/imgs/image_07644.jpg,98,30,512,457,camellia
data/imgs/image_07650.jpg,98,57,502,445,camellia
data/imgs/image_07678.jpg,272,78,631,434,camellia
data/imgs/image_07679.jpg,103,85,553,473,camellia
data/imgs/image_07651.jpg,20,114,411,425,camellia
data/imgs/image_07645.jpg,102,23,431,337,camellia
data/imgs/image_07653.jpg,72,75,450,476,camellia
data/imgs/image_07647.jpg,35,123,422,459,camellia
data/imgs/image_07684.jpg,218,13,535,476,camellia
data/imgs/image_07646.jpg,93,24,509,450,camellia
data/imgs/image_07652.jpg,11,20,368,365,camellia
data/imgs/image_07656.jpg,151,54,531,467,camellia
data/imgs/image_07642.jpg,147,43,561,484,camellia
data/imgs/image_07681.jpg,50,33,455,459,camellia
data/imgs/image_07680.jpg,125,63,505,439,camellia
data/imgs/image_07643.jpg,180,24,573,421,camellia
data/imgs/image_07657.jpg,85,13,444,458,camellia
data/imgs/image_07669.jpg,95,64,592,458,camellia
data/imgs/image_07641.jpg,61,5,421,284,camellia
data/imgs/image_07655.jpg,80,27,473,423,camellia
data/imgs/image_07682.jpg,84,45,481,393,camellia
data/imgs/image_07683.jpg,115,22,435,414,camellia
data/imgs/image_07654.jpg,106,93,468,470,camellia
data/imgs/image_07640.jpg,48,24,481,464,camellia
data/imgs/image_07668.jpg,109,56,509,484,camellia
data/imgs/image_0958.jpg,53,52,193,135,dandelion
data/imgs/image_0964.jpg,123,34,561,438,dandelion
data/imgs/image_0970.jpg,60,27,526,456,dandelion
data/imgs/image_0971.jpg,38,37,496,472,dandelion
data/imgs/image_0965.jpg,140,123,560,378,dandelion
data/imgs/image_0959.jpg,118,108,231,224,dandelion
data/imgs/image_0959.jpg,53,226,206,391,dandelion
data/imgs/image_0959.jpg,237,303,362,412,dandelion
data/imgs/image_0959.jpg,403,289,536,426,dandelion
data/imgs/image_0959.jpg,356,43,514,172,dandelion
data/imgs/image_0959.jpg,540,2,666,124,dandelion
data/imgs/image_0959.jpg,57,369,157,473,dandelion
data/imgs/image_0961.jpg,33,61,562,500,dandelion
data/imgs/image_0975.jpg,66,18,579,487,dandelion
data/imgs/image_0949.jpg,56,87,297,325,dandelion
data/imgs/image_0949.jpg,228,225,451,453,dandelion
data/imgs/image_0949.jpg,445,33,732,302,dandelion
data/imgs/image_0948.jpg,230,79,554,395,dandelion
data/imgs/image_0974.jpg,41,8,619,500,dandelion
data/imgs/image_0960.jpg,103,47,363,268,dandelion
data/imgs/image_0976.jpg,157,35,573,441,dandelion
data/imgs/image_0962.jpg,105,48,548,457,dandelion
data/imgs/image_0989.jpg,53,29,498,452,dandelion
data/imgs/image_0988.jpg,127,48,535,441,dandelion
data/imgs/image_0963.jpg,72,84,375,384,dandelion
data/imgs/image_0963.jpg,347,78,661,383,dandelion
data/imgs/image_0977.jpg,91,111,508,489,dandelion
data/imgs/image_0938.jpg,176,143,508,409,dandelion
data/imgs/image_0910.jpg,24,36,497,488,dandelion
data/imgs/image_0904.jpg,11,7,490,493,dandelion
data/imgs/image_0905.jpg,184,192,455,442,dandelion
data/imgs/image_0905.jpg,37,23,269,191,dandelion
data/imgs/image_0911.jpg,74,23,530,483,dandelion
data/imgs/image_0939.jpg,236,296,492,502,dandelion
data/imgs/image_0939.jpg,48,403,181,534,dandelion
data/imgs/image_0939.jpg,199,183,413,322,dandelion
data/imgs/image_0939.jpg,139,100,321,238,dandelion
data/imgs/image_0939.jpg,14,160,162,289,dandelion
data/imgs/image_0898.jpg,148,62,502,447,dandelion
data/imgs/image_0907.jpg,142,74,519,458,dandelion
data/imgs/image_0913.jpg,36,39,434,405,dandelion
data/imgs/image_0912.jpg,31,41,455,477,dandelion
data/imgs/image_0906.jpg,77,28,537,460,dandelion
data/imgs/image_0899.jpg,127,38,398,303,dandelion
data/imgs/image_0899.jpg,40,312,295,500,dandelion
data/imgs/image_0899.jpg,442,374,581,500,dandelion
data/imgs/image_0889.jpg,197,131,564,472,dandelion
data/imgs/image_0902.jpg,165,60,613,403,dandelion
data/imgs/image_0916.jpg,12,132,367,471,dandelion
data/imgs/image_0917.jpg,35,13,535,482,dandelion
data/imgs/image_0903.jpg,26,66,297,356,dandelion
data/imgs/image_0903.jpg,203,230,498,500,dandelion
data/imgs/image_0903.jpg,490,5,837,322,dandelion
data/imgs/image_0888.jpg,58,106,465,433,dandelion
data/imgs/image_0915.jpg,31,46,444,434,dandelion
data/imgs/image_0901.jpg,170,74,583,480,dandelion
data/imgs/image_0929.jpg,198,100,508,429,dandelion
data/imgs/image_0928.jpg,67,60,428,395,dandelion
data/imgs/image_0900.jpg,138,46,349,259,dandelion
data/imgs/image_0900.jpg,307,92,528,316,dandelion
data/imgs/image_0900.jpg,157,323,314,478,dandelion
data/imgs/image_0914.jpg,134,17,547,410,dandelion
data/imgs/image_0886.jpg,17,15,482,486,dandelion
data/imgs/image_0892.jpg,127,71,358,210,dandelion
data/imgs/image_0892.jpg,152,209,421,467,dandelion
data/imgs/image_0892.jpg,425,274,606,429,dandelion
data/imgs/image_0919.jpg,62,41,518,477,dandelion
data/imgs/image_0931.jpg,24,35,437,455,dandelion
data/imgs/image_0931.jpg,433,15,859,471,dandelion
data/imgs/image_0925.jpg,339,211,604,470,dandelion
data/imgs/image_0925.jpg,188,56,434,311,dandelion
data/imgs/image_0925.jpg,4,189,281,454,dandelion
data/imgs/image_0924.jpg,109,108,478,465,dandelion
data/imgs/image_0930.jpg,137,49,468,381,dandelion
data/imgs/image_0918.jpg,54,80,459,443,dandelion
data/imgs/image_0893.jpg,180,95,512,433,dandelion
data/imgs/image_0887.jpg,13,12,568,500,dandelion
data/imgs/image_0891.jpg,54,45,430,451,dandelion
data/imgs/image_0885.jpg,66,45,402,395,dandelion
data/imgs/image_0885.jpg,317,104,678,466,dandelion
data/imgs/image_0926.jpg,64,30,552,461,dandelion
data/imgs/image_0932.jpg,24,18,451,464,dandelion
data/imgs/image_0933.jpg,187,25,514,414,dandelion
data/imgs/image_0927.jpg,105,28,458,383,dandelion
data/imgs/image_0884.jpg,81,62,412,411,dandelion
data/imgs/image_0890.jpg,11,12,490,502,dandelion
data/imgs/image_0894.jpg,16,124,478,599,dandelion
data/imgs/image_0923.jpg,125,67,524,453,dandelion
data/imgs/image_0937.jpg,13,40,502,491,dandelion
data/imgs/image_0936.jpg,29,72,189,208,dandelion
data/imgs/image_0936.jpg,161,80,277,227,dandelion
data/imgs/image_0936.jpg,243,136,429,305,dandelion
data/imgs/image_0936.jpg,109,250,331,464,dandelion
data/imgs/image_0936.jpg,305,346,425,482,dandelion
data/imgs/image_0922.jpg,120,133,392,312,dandelion
data/imgs/image_0881.jpg,36,39,435,440,dandelion
data/imgs/image_0895.jpg,9,119,387,436,dandelion
data/imgs/image_0895.jpg,367,165,655,477,dandelion
data/imgs/image_0883.jpg,138,75,455,451,dandelion
data/imgs/image_0897.jpg,15,11,518,486,dandelion
data/imgs/image_0934.jpg,146,67,523,421,dandelion
data/imgs/image_0920.jpg,94,18,609,482,dandelion
data/imgs/image_0908.jpg,25,16,450,466,dandelion
data/imgs/image_0909.jpg,10,29,498,467,dandelion
data/imgs/image_0921.jpg,123,31,538,481,dandelion
data/imgs/image_0935.jpg,9,21,505,479,dandelion
data/imgs/image_0896.jpg,93,24,610,446,dandelion
data/imgs/image_0882.jpg,122,30,544,465,dandelion
data/imgs/image_0952.jpg,201,23,380,180,dandelion
data/imgs/image_0952.jpg,356,84,506,193,dandelion
data/imgs/image_0952.jpg,484,76,662,249,dandelion
data/imgs/image_0952.jpg,88,171,213,268,dandelion
data/imgs/image_0946.jpg,86,14,260,161,dandelion
data/imgs/image_0946.jpg,310,260,455,389,dandelion
data/imgs/image_0985.jpg,57,5,553,484,dandelion
data/imgs/image_0984.jpg,56,29,515,469,dandelion
data/imgs/image_0990.jpg,77,60,503,482,dandelion
data/imgs/image_0947.jpg,55,147,221,320,dandelion
data/imgs/image_0947.jpg,212,157,340,310,dandelion
data/imgs/image_0947.jpg,330,209,423,352,dandelion
data/imgs/image_0953.jpg,71,104,318,313,dandelion
data/imgs/image_0979.jpg,19,47,504,458,dandelion
data/imgs/image_0945.jpg,157,241,373,455,dandelion
data/imgs/image_0945.jpg,142,67,345,251,dandelion
data/imgs/image_0945.jpg,390,161,563,328,dandelion
data/imgs/image_0951.jpg,347,184,511,350,dandelion
data/imgs/image_0951.jpg,219,316,342,419,dandelion
data/imgs/image_0951.jpg,99,379,173,469,dandelion
data/imgs/image_0951.jpg,1,207,100,333,dandelion
data/imgs/image_0951.jpg,108,110,200,196,dandelion
data/imgs/image_0951.jpg,20,123,111,211,dandelion
data/imgs/image_0986.jpg,42,20,586,500,dandelion
data/imgs/image_0987.jpg,19,1,648,500,dandelion
data/imgs/image_0950.jpg,245,116,445,307,dandelion
data/imgs/image_0944.jpg,330,98,500,216,dandelion
data/imgs/image_0944.jpg,238,199,400,286,dandelion
data/imgs/image_0944.jpg,269,282,445,423,dandelion
data/imgs/image_0978.jpg,74,15,670,500,dandelion
data/imgs/image_0940.jpg,46,99,238,256,dandelion
data/imgs/image_0940.jpg,196,95,356,202,dandelion
data/imgs/image_0940.jpg,234,177,456,365,dandelion
data/imgs/image_0954.jpg,20,82,214,221,dandelion
data/imgs/image_0954.jpg,287,71,461,243,dandelion
data/imgs/image_0968.jpg,119,4,571,435,dandelion
data/imgs/image_0983.jpg,73,55,473,441,dandelion
data/imgs/image_0982.jpg,56,61,453,435,dandelion
data/imgs/image_0969.jpg,49,55,714,446,dandelion
data/imgs/image_0955.jpg,180,46,450,341,dandelion
data/imgs/image_0941.jpg,143,109,423,322,dandelion
data/imgs/image_0957.jpg,11,29,246,284,dandelion
data/imgs/image_0943.jpg,372,43,599,294,dandelion
data/imgs/image_0980.jpg,193,32,596,382,dandelion
data/imgs/image_0981.jpg,23,69,666,500,dandelion
data/imgs/image_0942.jpg,159,17,289,128,dandelion
data/imgs/image_0942.jpg,330,234,437,347,dandelion
data/imgs/image_0956.jpg,180,17,416,235,dandelion
data/imgs/image_0956.jpg,346,387,474,536,dandelion
data/imgs/image_0815.jpg,20,39,466,467,daisy
data/imgs/image_0801.jpg,69,49,463,447,daisy
data/imgs/image_0829.jpg,19,29,581,489,daisy
data/imgs/image_0828.jpg,10,2,522,491,daisy
data/imgs/image_0814.jpg,94,61,499,449,daisy
data/imgs/image_0802.jpg,98,24,610,488,daisy
data/imgs/image_0816.jpg,88,66,477,431,daisy
data/imgs/image_0817.jpg,81,37,575,423,daisy
data/imgs/image_0803.jpg,289,103,709,485,daisy
data/imgs/image_0803.jpg,10,240,206,427,daisy
data/imgs/image_0858.jpg,18,75,690,486,daisy
data/imgs/image_0864.jpg,130,50,746,343,daisy
data/imgs/image_0870.jpg,22,49,503,419,daisy
data/imgs/image_0871.jpg,70,101,300,281,daisy
data/imgs/image_0871.jpg,284,110,482,274,daisy
data/imgs/image_0871.jpg,188,268,368,453,daisy
data/imgs/image_0871.jpg,29,264,258,482,daisy
data/imgs/image_0871.jpg,324,279,497,489,daisy
data/imgs/image_0871.jpg,1,42,127,167,daisy
data/imgs/image_0871.jpg,90,20,306,117,daisy
data/imgs/image_0871.jpg,347,5,480,117,daisy
data/imgs/image_0865.jpg,39,124,451,525,daisy
data/imgs/image_0859.jpg,42,103,394,420,daisy
data/imgs/image_0873.jpg,243,67,523,299,daisy
data/imgs/image_0873.jpg,420,277,611,433,daisy
data/imgs/image_0867.jpg,142,4,635,488,daisy
data/imgs/image_0866.jpg,130,60,535,463,daisy
data/imgs/image_0872.jpg,151,75,354,196,daisy
data/imgs/image_0872.jpg,281,210,376,297,daisy
data/imgs/image_0872.jpg,170,193,306,282,daisy
data/imgs/image_0872.jpg,13,131,179,244,daisy
data/imgs/image_0872.jpg,27,63,122,129,daisy
data/imgs/image_0872.jpg,147,377,222,448,daisy
data/imgs/image_0872.jpg,249,383,316,439,daisy
data/imgs/image_0872.jpg,439,152,606,303,daisy
data/imgs/image_0872.jpg,589,178,666,301,daisy
data/imgs/image_0872.jpg,591,402,666,488,daisy
data/imgs/image_0872.jpg,1,271,124,376,daisy
data/imgs/image_0872.jpg,1,420,68,500,daisy
data/imgs/image_0872.jpg,49,1,141,59,daisy
data/imgs/image_0872.jpg,531,58,600,86,daisy
data/imgs/image_0876.jpg,113,229,274,350,daisy
data/imgs/image_0876.jpg,208,417,416,599,daisy
data/imgs/image_0876.jpg,16,365,174,516,daisy
data/imgs/image_0876.jpg,353,252,475,376,daisy
data/imgs/image_0876.jpg,243,93,379,216,daisy
data/imgs/image_0876.jpg,155,1,286,71,daisy
data/imgs/image_0876.jpg,1,134,65,215,daisy
data/imgs/image_0876.jpg,35,2,132,62,daisy
data/imgs/image_0876.jpg,381,1,453,49,daisy
data/imgs/image_0876.jpg,18,300,140,380,daisy
data/imgs/image_0862.jpg,142,21,596,471,daisy
data/imgs/image_0863.jpg,292,79,644,419,daisy
data/imgs/image_0877.jpg,213,103,522,391,daisy
data/imgs/image_0861.jpg,19,37,501,476,daisy
data/imgs/image_0875.jpg,96,228,314,405,daisy
data/imgs/image_0875.jpg,303,266,411,368,daisy
data/imgs/image_0849.jpg,27,27,490,477,daisy
data/imgs/image_0848.jpg,9,2,525,487,daisy
data/imgs/image_0874.jpg,153,96,458,395,daisy
data/imgs/image_0874.jpg,394,55,562,204,daisy
data/imgs/image_0860.jpg,108,36,548,477,daisy
data/imgs/image_0879.jpg,124,95,410,311,daisy
data/imgs/image_0845.jpg,38,96,429,352,daisy
data/imgs/image_0845.jpg,442,107,707,296,daisy
data/imgs/image_0851.jpg,118,91,493,348,daisy
data/imgs/image_0850.jpg,79,69,519,408,daisy
data/imgs/image_0850.jpg,1,169,256,498,daisy
data/imgs/image_0844.jpg,138,45,488,386,daisy
data/imgs/image_0878.jpg,142,187,463,439,daisy
data/imgs/image_0878.jpg,474,154,660,309,daisy
data/imgs/image_0852.jpg,14,99,439,514,daisy
data/imgs/image_0846.jpg,1,52,499,531,daisy
data/imgs/image_0847.jpg,129,55,578,430,daisy
data/imgs/image_0853.jpg,115,23,573,453,daisy
data/imgs/image_0857.jpg,77,89,445,335,daisy
data/imgs/image_0843.jpg,134,97,491,383,daisy
data/imgs/image_0880.jpg,72,132,256,306,daisy
data/imgs/image_0880.jpg,383,198,545,343,daisy
data/imgs/image_0842.jpg,175,74,519,415,daisy
data/imgs/image_0856.jpg,178,6,704,500,daisy
data/imgs/image_0840.jpg,65,30,481,471,daisy
data/imgs/image_0854.jpg,16,12,474,462,daisy
data/imgs/image_0868.jpg,28,50,734,455,daisy
data/imgs/image_0869.jpg,1,24,555,431,daisy
data/imgs/image_0855.jpg,70,111,345,376,daisy
data/imgs/image_0855.jpg,341,115,644,409,daisy
data/imgs/image_0841.jpg,89,33,615,486,daisy
data/imgs/image_0826.jpg,27,69,524,458,daisy
data/imgs/image_0832.jpg,125,20,574,456,daisy
data/imgs/image_0833.jpg,104,32,549,478,daisy
data/imgs/image_0827.jpg,53,56,431,480,daisy
data/imgs/image_0819.jpg,87,45,404,312,daisy
data/imgs/image_0819.jpg,276,309,518,483,daisy
data/imgs/image_0831.jpg,74,47,567,476,daisy
data/imgs/image_0825.jpg,69,34,520,456,daisy
data/imgs/image_0824.jpg,45,33,472,433,daisy
data/imgs/image_0830.jpg,5,27,446,460,daisy
data/imgs/image_0818.jpg,39,36,477,472,daisy
data/imgs/image_0834.jpg,24,39,492,454,daisy
data/imgs/image_0820.jpg,62,109,346,386,daisy
data/imgs/image_0820.jpg,340,128,633,413,daisy
data/imgs/image_0808.jpg,36,33,471,458,daisy
data/imgs/image_0809.jpg,93,90,488,432,daisy
data/imgs/image_0809.jpg,343,3,589,199,daisy
data/imgs/image_0809.jpg,117,410,332,500,daisy
data/imgs/image_0809.jpg,1,99,110,275,daisy
data/imgs/image_0821.jpg,128,57,575,422,daisy
data/imgs/image_0835.jpg,77,69,460,444,daisy
data/imgs/image_0823.jpg,77,66,516,410,daisy
data/imgs/image_0823.jpg,1,179,251,494,daisy
data/imgs/image_0837.jpg,30,159,486,620,daisy
data/imgs/image_0836.jpg,159,33,584,470,daisy
data/imgs/image_0822.jpg,27,28,492,478,daisy
